{
  "occasions": [
    { "id": 1, "name": "Birthday Flowers" },
    { "id": 2, "name": "Grand Opening Flowers" },
    { "id": 3, "name": "Congratulation Flowers" },
    { "id": 4, "name": "Love Flowers" },
    { "id": 5, "name": "Thanks Flowers" },
    { "id": 6, "name": "Graduation" }
  ],
  "flowers": [
    { "id": 1, "name": "Rose" },
    { "id": 2, "name": "Lotus" },
    { "id": 3, "name": "Sunflower" },
    { "id": 4, "name": "Hydrangeas" }
  ],
  "products": [
    {
      "id": 1,
      "name": "Hoa yêu thương",
      "detail": "Đây là hoa yêu thương",
      "price": "160",
      "note": "Hoa này tặng cho những người bạn yêu thương",
      "specialOffer": [
        "Free card",
        "Discount VND20,000 - 50,000 For Online Purchases"
      ],
      "occasions": [1, 2, 3],
      "flowers": [1, 2]
    }
  ]
}
